customer_id,first_name,last_name,email,phone,signup_date,country,preferred_channel
1,Denise,Walker,jpeterson@gmail.com,311-661-5594x07816,2026-01-18,VN,branch
2,Michael,Williams,amandasanchez@yahoo.com,783-550-3056x413,2026-03-01,SB,mobile
3,Marvin,Thomas,jrice@gmail.com,001-418-345-1462x7048,2026-01-13,KG,mobile
4,Pamela,Ryan,ibrandt@hotmail.com,546.357.8713,2024-10-24,AO,branch
5,Adrienne,Zimmerman,clintonhopkins@yahoo.com,(870)410-6513x33872,2024-07-23,PL,web
6,Angela,Morton,rodney87@gmail.com,430-298-0500x9788,2025-07-14,BR,mobile
7,Andrea,Hensley,stephen10@yahoo.com,001-311-583-8425,2024-12-12,JM,mobile
8,Kimberly,Turner,prestonjulia@gmail.com,293-253-4874x0164,2024-10-17,CO,mobile
9,Jeremy,Thornton,evelynestrada@yahoo.com,+1-469-723-2260,2025-02-15,SV,branch
10,Rachel,Rodriguez,wileyjose@hotmail.com,3198655698,2025-10-29,ET,mobile
11,Jeffrey,Meyer,christinaturner@hotmail.com,9449369957,2026-04-01,GH,branch
12,Tyler,Fitzgerald,psnyder@gmail.com,001-901-463-2870x831,2025-05-08,TL,branch
13,Steven,Salazar,jimmy55@hotmail.com,(723)962-3166,2025-02-21,BH,branch
14,Jean,Carrillo,dramsey@gmail.com,+1-906-499-0162,2023-08-04,IL,mobile
15,Jesse,Rogers,johnwells@gmail.com,674.352.9912,2025-11-01,AR,branch
16,Terry,Brooks,xgarcia@hotmail.com,626.728.4987x769,2024-06-02,BT,web
17,David,Marshall,jenniferfreeman@gmail.com,777.801.4363x4957,2025-09-18,LS,mobile
18,Devin,King,ericksondavid@gmail.com,+1-942-971-0947,2024-10-28,ER,mobile
19,Shannon,Wilson,michelle64@hotmail.com,4913334123,2024-01-16,AD,mobile
20,Kirk,Carter,brownlaura@hotmail.com,001-947-917-4648,2023-09-19,US,mobile
21,Morgan,Munoz,ecosta@yahoo.com,651-725-6746x80715,2023-11-14,NA,mobile
22,Kimberly,Gutierrez,walkermaureen@gmail.com,527-948-4677,2025-09-20,CY,branch
23,Kyle,Francis,ugibson@gmail.com,896.436.0576,2025-06-25,AZ,branch
24,Leslie,Kane,cbrennan@hotmail.com,643.216.1172,2023-07-28,LR,mobile
25,Jade,Thomas,erica21@yahoo.com,001-346-547-4367,2024-12-30,TO,branch
26,Willie,Phillips,parkerscott@hotmail.com,001-621-445-6232x8588,2024-06-20,RO,mobile
27,George,Wilson,thomasharvey@hotmail.com,+1-331-374-6120x047,2024-05-16,SO,branch
28,Jacqueline,Avery,amy50@yahoo.com,517.413.9005,2025-10-11,GA,branch
29,Kristen,Willis,alexistyler@gmail.com,302-940-2681x17758,2025-07-08,GN,branch
30,Susan,Hopkins,martinezclaudia@hotmail.com,001-556-898-4789x611,2025-04-18,GT,branch
31,Jesse,Perry,elizabeth65@hotmail.com,(704)794-5198x32731,2023-11-12,IT,web
32,Sarah,Villegas,nicholaschavez@gmail.com,859-991-0229x0147,2025-12-16,PA,mobile
33,Paul,Wilson,jimenezryan@gmail.com,+1-238-985-1606,2023-09-15,KW,web
34,Michael,Butler,dixondaniel@hotmail.com,001-955-923-1243x29212,2025-10-09,PS,branch
35,Stephen,Day,jford@hotmail.com,393.459.7820x715,2023-07-17,HU,web
36,Joseph,MD,tanderson@gmail.com,+1-265-728-1685,2024-09-08,EG,mobile
37,Pamela,Lee,tarabishop@hotmail.com,838.834.7359x774,2024-01-24,FR,mobile
38,Amy,Castillo,jeffrey51@hotmail.com,522-404-7277x90104,2025-09-16,ZA,branch
39,Dwayne,Turner,qlopez@gmail.com,(718)688-8806x706,2023-06-12,MK,web
40,Morgan,Fuller,stewartkyle@yahoo.com,+1-674-303-4505,2024-12-09,NZ,web
41,Steven,Hughes,curtis54@yahoo.com,+1-362-875-7059x640,2024-12-02,SG,web
42,Brenda,Lawson,john10@hotmail.com,386.481.4473x9473,2023-09-10,PG,mobile
43,Jill,Miller,jonesraymond@hotmail.com,486.469.1251x7785,2023-12-04,NR,mobile
44,Kelly,Torres,megan90@gmail.com,6946396907,2025-06-06,HN,web
45,Benjamin,Brown,donaldwilliams@yahoo.com,(232)359-5327x87747,2025-01-17,SD,mobile
46,Mr.,Williams,charles87@hotmail.com,+1-891-221-6558x523,2023-07-27,AZ,mobile
47,Regina,Stone,tammy99@gmail.com,2973289623,2024-03-09,AM,web
48,Christian,Vaughn,stevepatel@hotmail.com,+1-749-973-3484x34437,2024-11-09,TJ,mobile
49,Kenneth,Daniels,danawilliams@yahoo.com,001-771-620-8267x734,2026-02-14,BH,web
50,Crystal,Rodgers,melissamcdonald@gmail.com,552-474-2054,2025-12-22,DZ,web
51,Jose,Miller,marshallerik@hotmail.com,001-741-845-9332x727,2026-05-12,SY,branch
52,Robert,Petersen,jenniferburns@hotmail.com,9726867908,2023-06-20,MY,web
53,Patrick,Lane,qmiller@hotmail.com,+1-851-828-6823x0047,2024-05-08,HU,mobile
54,Donald,Pineda,karenparsons@gmail.com,639-659-9534x2836,2023-08-20,TH,branch
55,Jessica,Simpson,nsanchez@yahoo.com,275-318-3046,2024-03-05,PS,web
56,Sheila,Cook,ugill@gmail.com,560-793-2048x99642,2024-05-09,MU,branch
57,Mary,Cohen,albertwagner@yahoo.com,+1-697-670-0886x008,2023-06-13,SC,mobile
58,Theodore,Rodriguez,warnerchristopher@yahoo.com,291-480-3397x40148,2024-09-17,AM,web
59,Nicole,Marquez,ehall@yahoo.com,001-499-865-0477x35866,2023-09-28,VN,mobile
60,Micheal,Miller,fgarcia@yahoo.com,399-556-0466,2025-10-22,SK,branch
61,Caroline,Adams,vbrock@yahoo.com,(592)745-9375x26547,2024-12-22,IT,web
62,Timothy,Gonzalez,marie16@hotmail.com,(943)842-6617,2025-08-25,SD,branch
63,Richard,Ward,seanmyers@hotmail.com,001-782-650-7146x112,2024-10-31,PH,branch
64,Hannah,Davis,jacobsandoval@yahoo.com,001-393-479-6603x3419,2024-12-06,LR,web
65,Deborah,Huffman,kcarlson@yahoo.com,(478)728-2742,2025-04-17,VN,branch
66,Tiffany,Washington,hdunn@hotmail.com,285-980-7836x134,2024-06-29,MG,mobile
67,Wendy,Rowe,taylorkaren@yahoo.com,822-832-5367x294,2025-04-19,BO,branch
68,Nicole,Neal,amy29@yahoo.com,600-417-0127x70632,2024-07-16,BW,mobile
69,Jacob,Mckee,lisa62@yahoo.com,861.411.5542,2026-02-07,GD,mobile
70,Kristine,Bishop,joshuamiller@hotmail.com,+1-294-504-3898x364,2025-06-24,MV,branch
71,Margaret,Jones,fmiles@hotmail.com,+1-492-741-4183,2025-01-13,TZ,mobile
72,Jessica,Ashley,karamarks@hotmail.com,001-205-964-8149x17785,2025-10-14,DM,web
73,Raymond,Shannon,robertcortez@yahoo.com,295-818-0238,2023-09-02,PT,mobile
74,Eric,Miller,tapiaaaron@hotmail.com,001-541-838-3670x2410,2026-05-10,MR,mobile
75,Mr.,Anderson,martinsteven@yahoo.com,+1-453-674-7411,2026-05-16,MC,mobile
76,Selena,Hernandez,aguilarjonathan@gmail.com,237-421-5107,2025-10-25,NR,web
77,James,Simmons,zgonzalez@hotmail.com,+1-680-465-7875x9856,2023-06-27,LB,web
78,Rita,Campbell,linda59@gmail.com,001-259-392-9378x427,2023-08-13,HT,web
79,Karen,Rivera,lbanks@hotmail.com,001-895-239-2644x220,2024-02-24,UY,branch
80,Walter,Walker,williamssamuel@yahoo.com,(676)258-6179x32710,2024-09-24,IL,web
81,Carolyn,Bennett,longandrea@yahoo.com,3502614973,2024-04-03,DO,mobile
82,John,DDS,lindsey69@gmail.com,6683687937,2025-01-20,LC,web
83,Stephanie,Mcbride,millerangela@hotmail.com,387-309-9861x622,2025-10-08,BZ,web
84,Spencer,Humphrey,andrew44@yahoo.com,513.824.7546x9137,2025-06-08,PS,mobile
85,Jose,Moore,hreid@hotmail.com,757.797.2798,2024-01-27,IL,branch
86,Jasmine,Martin,rodney65@yahoo.com,774.689.6910,2024-08-23,LA,web
87,Gabrielle,Hill,matthewreeves@hotmail.com,+1-475-784-2824x1724,2026-02-27,BT,branch
88,Natasha,Parker,pittsedward@gmail.com,(697)525-2175x25007,2024-02-03,TR,branch
89,Pamela,Miller,reyesbrianna@gmail.com,4447789856,2025-06-17,MK,branch
90,Susan,Burnett,wheelerbrandon@gmail.com,9014676184,2024-04-01,MD,mobile
91,Mary,Bates,michaelortiz@gmail.com,+1-373-975-3001,2024-01-04,BW,branch
92,Ashley,Scott,rfriedman@hotmail.com,(352)416-6746x762,2026-05-03,RS,branch
93,Sarah,DVM,tiffanysantiago@yahoo.com,991.963.7562x89002,2024-01-29,BO,mobile
94,Gary,Ramirez,jjohnson@gmail.com,799-248-8375,2024-04-28,PH,branch
95,Manuel,Kennedy,nrodriguez@gmail.com,363-973-5160,2025-04-27,KM,branch
96,Mrs.,Tran,mbarnes@hotmail.com,646.754.7226,2025-09-23,ZM,mobile
97,Lori,Roberts,gonzalezkaren@gmail.com,+1-842-504-3805x71983,2025-07-19,MC,mobile
98,Anthony,James,rthompson@gmail.com,(481)460-6484,2025-11-10,IE,web
99,Michelle,Moore,mark43@hotmail.com,380.815.7399x3056,2024-06-19,SR,web
100,Jose,Townsend,clarkcrystal@gmail.com,(413)686-1207x50110,2025-09-30,BN,web
101,Jennifer,Hayes,catherine47@yahoo.com,+1-407-328-3268x42450,2023-07-21,AF,branch
102,Travis,Torres,robertscarlos@gmail.com,001-997-955-2314x9135,2024-10-09,VE,branch
103,Christian,Knight,larnold@hotmail.com,242-883-4110,2025-11-19,GH,branch
104,Kimberly,Lutz,seanwhite@hotmail.com,(775)503-7314,2023-07-23,SV,mobile
105,Rebecca,Hughes,pdiaz@gmail.com,463-986-5577x908,2024-01-30,GT,branch
106,Diana,Hernandez,dennishunt@hotmail.com,6243286990,2024-04-18,PE,web
107,Christopher,Greer,richamanda@gmail.com,929.880.6865x0863,2024-11-12,TZ,mobile
108,Dawn,Cannon,jose86@hotmail.com,+1-946-636-8872x588,2024-09-05,TR,mobile
109,James,Taylor,qdavis@gmail.com,290-466-9849,2026-02-05,SA,mobile
110,Samuel,Galvan,hwillis@gmail.com,001-511-984-8955x439,2025-02-03,TR,web
111,Jennifer,Rodriguez,ericahall@yahoo.com,(488)904-3416x518,2024-09-16,MH,web
112,Debra,Valentine,travis84@yahoo.com,001-392-908-6780x85627,2024-09-19,FM,web
113,Christine,Carpenter,shannon92@hotmail.com,414.938.6632,2023-06-02,EE,mobile
114,Zachary,Atkinson,maurice61@yahoo.com,+1-339-898-2455x877,2025-12-26,JO,mobile
115,Charles,Jackson,lgutierrez@gmail.com,001-234-813-2611x1780,2025-08-08,BS,branch
116,Brittney,Pena,brittanybryant@hotmail.com,001-368-984-5783,2024-09-07,MM,branch
117,Eric,Smith,oclayton@yahoo.com,(338)994-4846x31224,2026-01-01,PG,web
118,John,Flores,steven05@gmail.com,001-520-846-1872x34601,2025-04-05,HU,mobile
119,Nancy,Davis,brenda63@gmail.com,001-379-725-1327,2026-01-13,BH,branch
120,Brittany,Herrera,ihansen@hotmail.com,492.385.5749,2025-08-20,DE,web
121,Dennis,Richardson,chloemorris@hotmail.com,318-910-2203,2024-03-10,BZ,web
122,Sara,Barrett,davenportchristian@gmail.com,413-886-3383,2023-10-28,DZ,branch
123,Michael,Simmons,vcannon@yahoo.com,676.500.4908x240,2024-04-15,KW,web
124,Terri,Short,larsonkevin@hotmail.com,001-561-205-5661,2026-01-26,ZM,mobile
125,Joseph,Flores,christopher86@hotmail.com,001-327-683-7693x89833,2025-03-16,LI,web
126,Jennifer,Diaz,alexander14@yahoo.com,9534833884,2026-05-01,MC,mobile
127,Susan,Rose,vincentellis@hotmail.com,7387457620,2024-11-20,YE,mobile
128,William,Mason,robertberry@yahoo.com,+1-457-882-3298x324,2023-12-29,TD,branch
129,Kristin,Fry,caitlynhall@gmail.com,972-989-7526,2023-12-17,DK,branch
130,Jennifer,Novak,vcarr@hotmail.com,+1-880-281-7703,2025-09-30,MW,branch
131,Jessica,Wilkerson,bmorris@gmail.com,001-337-914-5211,2026-01-26,ML,web
132,Janet,Moody,adamcannon@gmail.com,378.209.7339x7767,2024-06-01,SY,branch
133,Justin,Bryan,tammycurry@yahoo.com,645-956-1681,2023-12-13,CM,branch
134,Jason,Clark,lvasquez@hotmail.com,001-243-701-0713x966,2024-11-11,TJ,web
135,Christina,Campbell,brewertimothy@hotmail.com,+1-257-560-8495,2025-10-30,LA,branch
136,Stephen,Gomez,jennifer46@gmail.com,757.243.8421,2024-03-26,BW,web
137,Robert,Stein,garciakatie@hotmail.com,7949353344,2026-03-25,CL,web
138,Donald,Smith,dberger@gmail.com,7166629979,2024-10-15,FJ,mobile
139,Dr.,Anderson,kmurray@yahoo.com,(999)828-1615x814,2025-11-20,NG,mobile
140,Kimberly,Dickson,kylesullivan@hotmail.com,+1-696-857-0132x90227,2025-12-29,TR,branch
141,Michael,Stewart,smithann@yahoo.com,403-969-6566x6683,2023-12-20,ET,web
142,Isaac,Butler,ocruz@gmail.com,+1-209-973-8468x950,2026-05-16,MN,mobile
143,Tonya,Miller,robert44@gmail.com,001-294-694-0792x904,2025-06-09,BS,mobile
144,Sarah,Ramirez,cooperchristopher@gmail.com,(776)263-7239,2026-02-08,IN,mobile
145,Julie,Alvarez,ureyes@hotmail.com,6183569454,2024-06-17,TD,mobile
146,Michael,Allen,ubell@yahoo.com,300.391.0939,2023-09-29,UY,branch
147,Pamela,Wong,scottlisa@gmail.com,873-596-2712,2025-12-26,BA,mobile
148,Michelle,Garcia,ugraham@gmail.com,606.871.9855,2023-08-11,ZM,branch
149,Sarah,Peterson,austinjohnson@hotmail.com,261.884.7870x0505,2023-11-17,GH,web
150,Seth,Herrera,marybrown@gmail.com,499.731.3656x5198,2024-04-13,BD,branch
151,Barbara,Thomas,ysteele@yahoo.com,(232)448-7632,2025-07-02,VA,mobile
152,Rachel,Bailey,danielhernandez@yahoo.com,(720)905-4364,2023-07-24,CA,web
153,Casey,Floyd,coreyrojas@gmail.com,917.497.0623,2025-01-08,MR,web
154,Cheyenne,Howard,belindatran@gmail.com,(587)439-7740x63356,2025-10-25,AF,branch
155,Andrew,DDS,smithelizabeth@gmail.com,399.807.7262x570,2026-04-25,LT,web
156,Nicole,Wolfe,devonrogers@hotmail.com,+1-779-733-5548x6401,2025-04-19,RU,branch
157,Kim,Bryan,robert04@gmail.com,9389569557,2024-09-01,TN,web
158,Elizabeth,Mccormick,evanwilson@yahoo.com,(774)452-3805,2024-12-17,PE,branch
159,Barbara,Johnson,laurenchandler@yahoo.com,001-917-702-8140x693,2023-10-08,LR,mobile
160,Christie,Fox,paul04@yahoo.com,378-413-7674x2662,2024-04-04,KI,branch
161,Joseph,DVM,ywalker@gmail.com,947-314-6273x014,2025-12-03,CH,branch
162,Keith,Oneill,wfields@gmail.com,681-783-2192x8554,2023-10-13,SN,mobile
163,Adam,Holmes,butlersabrina@gmail.com,(707)454-5279,2024-09-02,AT,branch
164,Shannon,Thomas,harrisonrebekah@gmail.com,601-719-3932x5012,2024-11-15,DK,branch
165,Andrea,Weiss,glasssamantha@hotmail.com,(892)371-2566x383,2024-09-17,CM,web
166,Chad,Farmer,xcrosby@gmail.com,+1-371-767-8112x66912,2024-03-22,LU,branch
167,Wanda,Martinez,garciabrian@gmail.com,+1-902-569-5249x91187,2024-08-16,HR,web
168,Dennis,Cooper,larryprice@gmail.com,+1-878-789-7782x80647,2024-08-01,LI,mobile
169,Amanda,Hood,andrewnguyen@yahoo.com,(398)964-0790x56965,2023-10-20,FM,web
170,Kathryn,Hubbard,nballard@hotmail.com,001-791-395-4198x763,2026-02-23,KI,web
171,Joshua,Gonzalez,steven32@hotmail.com,001-846-565-1364x42493,2023-11-10,CZ,mobile
172,Rebecca,Collins,carolyn16@yahoo.com,+1-316-523-1981x89847,2025-12-04,CM,web
173,Kevin,Price,natasha25@yahoo.com,(340)590-0348x645,2025-04-04,MW,mobile
174,Jenna,Spence,hollowayholly@hotmail.com,(869)585-7002x720,2026-01-18,KP,branch
175,Brian,Wright,leblancdeborah@hotmail.com,673-442-0696,2023-10-03,MN,branch
176,Autumn,Higgins,robertsjose@hotmail.com,859.571.0725,2025-01-02,KN,web
177,David,Davis,natalie21@yahoo.com,662.741.5027x45644,2025-03-24,DM,branch
178,John,Dodson,urodriguez@gmail.com,(213)442-2849x939,2025-02-22,BO,mobile
179,Megan,Clay,jasonwilliams@hotmail.com,501-489-6164x23610,2025-01-10,NA,branch
180,Troy,Moore,madams@yahoo.com,001-965-392-6610x85732,2024-08-11,PT,mobile
181,Robert,Evans,wilsondorothy@gmail.com,(960)616-4597,2024-10-29,ER,branch
182,Nicole,Munoz,martinezalexander@gmail.com,5303372368,2024-08-27,PL,web
183,Alison,Martin,benjamin67@hotmail.com,001-897-930-8069x5814,2023-11-15,SA,branch
184,Jeffrey,Martin,manderson@gmail.com,416.474.3380x0545,2025-07-08,AU,branch
185,Ashley,Perez,colonbobby@gmail.com,+1-413-352-4787x1255,2024-03-26,OM,branch
186,Aaron,Davenport,millerleroy@gmail.com,8606290846,2024-09-16,LY,mobile
187,Stephanie,Bishop,katherine20@gmail.com,+1-794-634-6810,2026-01-15,SD,mobile
188,Peter,Pugh,tgarcia@yahoo.com,(811)606-2737x15869,2025-11-10,SB,web
189,Mr.,MD,xrodriguez@hotmail.com,9822154544,2023-12-25,CV,mobile
190,Steven,Small,uhernandez@yahoo.com,+1-496-263-6580x741,2025-10-22,ZM,branch
191,Caleb,Hansen,imiller@hotmail.com,(690)370-5626x0856,2023-11-12,BZ,branch
192,Catherine,Tate,gromero@yahoo.com,605-378-6170x630,2024-06-03,TH,mobile
193,Jennifer,Miller,qnelson@hotmail.com,(839)384-0289x141,2023-12-20,RS,branch
194,Daniel,Wagner,deborahsmith@yahoo.com,2269876811,2026-03-27,CM,web
195,Mr.,Hughes,tconway@hotmail.com,5364149872,2023-08-27,TZ,web
196,Bethany,Mahoney,david87@yahoo.com,203.504.6875x06351,2026-04-23,NO,mobile
197,Christina,Murphy,oduran@yahoo.com,910-206-5120,2024-08-28,VA,mobile
198,Michael,Hansen,watkinsmary@hotmail.com,+1-484-656-7972x3200,2025-11-11,NZ,web
199,Stephen,Rowe,petersonelizabeth@hotmail.com,995.299.5946x521,2025-06-26,GN,web
200,Melissa,Owens,alopez@yahoo.com,750-281-2473,2023-07-03,FJ,mobile
201,Colleen,Green,shelleyrowland@hotmail.com,001-811-522-3386x559,2023-07-28,VE,mobile
202,Elizabeth,Hernandez,fbaldwin@yahoo.com,001-869-503-3373,2024-09-04,NO,mobile
203,Timothy,Brooks,josephjones@gmail.com,588.714.3111x50835,2024-06-09,KI,branch
204,Larry,Taylor,megan66@gmail.com,580.852.9240x755,2025-03-09,LA,mobile
205,Michael,Evans,christopher18@gmail.com,001-397-902-3164x334,2023-08-15,MN,mobile
206,Shannon,Jenkins,waynecohen@yahoo.com,9279169385,2025-05-05,TR,branch
207,Donna,Ibarra,nicole84@hotmail.com,001-937-468-1511x856,2024-06-13,GE,web
208,Angel,Neal,jenniferkim@yahoo.com,322-209-1241x862,2026-04-04,IR,mobile
209,Cassandra,Klein,smithanthony@gmail.com,313.712.2068,2024-09-30,TJ,branch
210,Taylor,Foster,johnathandavis@yahoo.com,001-962-852-5715x099,2025-07-19,DZ,mobile
211,Michele,Smith,dawn08@yahoo.com,703-455-3380x3396,2025-04-04,ZM,mobile
212,Katherine,Mckay,catherineturner@hotmail.com,+1-834-471-5662x7768,2025-06-04,AO,branch
213,Bradley,Knox,travis66@hotmail.com,(674)791-6016x9236,2025-07-17,KN,web
214,Jacob,Brown,lsanders@gmail.com,662.864.4886,2023-10-03,CD,branch
215,Derrick,Clark,gregorylopez@gmail.com,828.917.9323x0234,2026-01-15,VU,mobile
216,Carol,Carter,sarah75@hotmail.com,955-853-5669x05510,2023-12-19,AR,web
217,Diana,Lyons,shatfield@gmail.com,(949)432-8980x2714,2025-04-10,CI,branch
218,David,Lewis,ostokes@yahoo.com,211-615-9319x5256,2023-08-22,UA,branch
219,Veronica,Flores,dustin09@yahoo.com,214.497.3746x05233,2025-06-13,ZA,web
220,Robert,Gaines,barbararamos@yahoo.com,(833)830-5912,2026-04-07,DO,mobile
221,Valerie,White,wilsondavid@hotmail.com,630.499.9741x92676,2023-10-19,LR,branch
222,Shannon,Medina,christopherscott@gmail.com,684-258-2603,2025-08-01,KE,branch
223,John,Edwards,jorge26@yahoo.com,462-883-1435x989,2024-01-11,KW,branch
224,Victor,Wright,thompsonjessica@yahoo.com,818.459.4849x1025,2024-11-04,SZ,mobile
225,Cameron,Smith,mezarichard@yahoo.com,611-931-2901,2023-06-03,NO,branch
226,Kayla,Cuevas,emilymacias@hotmail.com,(815)428-5067,2024-12-17,CG,web
227,David,Ryan,gilbertmark@yahoo.com,5523650167,2025-08-16,SG,web
228,Susan,Smith,rachel23@yahoo.com,316-378-7256x862,2023-06-19,CN,branch
229,Alexis,Cohen,jessicalopez@yahoo.com,443-563-7189,2025-11-21,ZM,branch
230,Brandi,Johnson,michael56@gmail.com,6203005347,2025-03-17,ER,web
231,Jack,Torres,crystalguzman@gmail.com,+1-433-271-1895x4738,2023-12-02,FI,web
232,David,Wiley,keithsosa@gmail.com,001-836-878-8127x868,2025-12-16,IR,branch
233,Caitlin,Robinson,veronicaclark@gmail.com,+1-259-255-1842x6945,2024-11-20,GN,web
234,Wesley,Medina,lisawalker@yahoo.com,001-362-973-6527,2024-02-23,PK,mobile
235,Casey,Hudson,morrisonnicholas@gmail.com,2023314290,2025-09-06,LK,mobile
236,Bradley,Taylor,andrewsimmons@gmail.com,+1-743-361-7213x1451,2024-11-28,BS,mobile
237,Cassandra,Moreno,ygriffin@yahoo.com,419-864-2152,2024-11-15,LB,mobile
238,Michael,Gutierrez,angela21@gmail.com,(324)472-8633x302,2024-12-24,ES,web
239,Jessica,Brown,kaitlinhale@yahoo.com,(857)804-1200x92820,2026-04-08,PH,mobile
240,Jonathan,Fletcher,velasqueztaylor@yahoo.com,+1-766-220-5634x1115,2024-05-24,JM,branch
241,Ana,Harper,uporter@yahoo.com,(921)256-8182x096,2024-08-10,DK,branch
242,Angela,Garrett,nallen@hotmail.com,(997)310-2481,2025-04-23,KW,mobile
243,Candice,Ramirez,nathaniel68@yahoo.com,+1-309-503-8021x46296,2025-01-10,PL,branch
244,Julie,Nichols,danielleflores@gmail.com,001-360-456-7303x06442,2023-09-02,IS,mobile
245,Shane,Hayes,salvarez@gmail.com,(259)460-8931x99255,2025-04-29,CY,mobile
246,Brian,Cordova,woodmichael@yahoo.com,917.876.6558x68512,2024-12-17,EE,mobile
247,Jane,Bruce,melissa33@yahoo.com,(613)671-5766x0538,2026-03-06,IN,branch
248,Robert,Perry,zpoole@hotmail.com,(362)465-8263,2025-07-09,CL,branch
249,Mark,Green,jessicaroman@yahoo.com,304-412-0911x791,2024-07-29,IN,mobile
250,Kathleen,Ward,wilsonmatthew@yahoo.com,+1-298-402-8413x908,2024-04-18,MM,mobile
251,Alyssa,Taylor,gabriel37@yahoo.com,(994)459-1966x39551,2023-07-09,SE,mobile
252,Edward,Serrano,annacruz@hotmail.com,231.984.9196x65533,2025-06-30,BD,mobile
253,Caleb,Jackson,jonescody@yahoo.com,945-956-1857x9064,2026-02-06,CM,web
254,Brian,Walker,knelson@gmail.com,912.952.9671x883,2024-07-26,LI,mobile
255,Dennis,Phillips,petersonlisa@hotmail.com,847-528-1235x67983,2023-09-01,IT,branch
256,Eric,Kane,dromero@yahoo.com,(910)866-3436x294,2023-11-03,KZ,mobile
257,Tina,Robinson,dana94@hotmail.com,328-497-4325,2024-03-04,LT,web
258,Adam,Wells,mary88@gmail.com,(611)945-7758,2024-06-14,MM,branch
259,Harold,Mckinney,sheppardnatalie@hotmail.com,282.745.5696x443,2025-12-24,CM,web
260,Keith,Sparks,calvin40@yahoo.com,749.210.7406,2023-08-03,ID,mobile
261,Diane,Trevino,grasmussen@yahoo.com,+1-542-696-5923x426,2024-09-02,BS,branch
262,Mark,Gardner,bettywatson@hotmail.com,001-940-262-6078,2023-09-26,BG,mobile
263,Matthew,Cook,courtney07@hotmail.com,511.502.9181,2023-10-25,PY,branch
264,Jill,Brown,thomasroberts@hotmail.com,001-875-446-6176,2023-06-30,JM,branch
265,James,Carpenter,thompsonedward@hotmail.com,001-857-924-4617,2025-12-14,KM,branch
266,Tammy,Rowe,johnsonjessica@gmail.com,+1-617-375-3312x66109,2023-07-15,AE,web
267,Jacqueline,Welch,harrislisa@gmail.com,001-769-781-5287x33978,2026-01-02,TJ,mobile
268,Jessica,Garrett,carlos24@gmail.com,001-338-998-4690,2024-06-29,TD,web
269,Jennifer,Gonzalez,garciatyler@gmail.com,(267)943-0003x896,2023-08-06,MW,web
270,Jeffrey,Simmons,brownsamuel@yahoo.com,559-934-2967x11148,2026-05-17,LK,mobile
271,Scott,Wallace,kevintran@gmail.com,001-820-637-7107x0449,2023-09-26,BH,mobile
272,James,Smith,aguirreangela@hotmail.com,287-669-9842x6732,2026-04-12,IS,mobile
273,Dr.,MD,rileychristopher@hotmail.com,517-324-4472x32290,2026-02-27,AZ,branch
274,Shannon,Riley,amber09@gmail.com,718-771-8133,2026-04-09,NI,web
275,Sherri,Thomas,rodriguezjason@yahoo.com,001-589-853-6902x611,2025-09-01,ES,web
276,Kelsey,Williams,denise93@yahoo.com,(339)328-3692x94455,2025-02-10,NL,web
277,Mackenzie,Barton,jenniferwilson@yahoo.com,+1-491-401-5767x647,2025-11-18,SE,web
278,Aimee,Watkins,cory42@gmail.com,377-532-4491x342,2025-09-21,SE,web
279,Stephanie,Moyer,ibaker@yahoo.com,+1-715-213-1528x54781,2025-03-21,BZ,branch
280,Justin,Monroe,jenniferwilliams@hotmail.com,+1-969-835-7824x347,2025-12-01,MK,mobile
281,Daniel,Mccarty,xbrown@yahoo.com,+1-656-967-6640x47350,2025-02-12,GN,branch
282,Penny,Rodriguez,rhonda81@hotmail.com,535.583.2863x42556,2023-06-08,AZ,branch
283,Kelsey,Mason,jonesjennifer@hotmail.com,6087921963,2025-03-08,SG,branch
284,Judy,Garcia,kwood@gmail.com,852-911-8237x9312,2025-08-08,RS,mobile
285,Katherine,Jenkins,martinkaitlin@gmail.com,210.667.2872x866,2023-11-16,NZ,mobile
286,Spencer,Nelson,asmith@gmail.com,910.443.3187x5109,2023-08-29,MG,web
287,Alexis,Lee,xrivera@hotmail.com,497-932-0331x922,2023-05-18,LI,branch
288,Amy,Hunt,jennifer68@yahoo.com,001-541-586-5205x756,2025-01-01,MR,web
289,Whitney,Gonzalez,maddoxmadeline@hotmail.com,+1-477-427-8105x092,2023-09-23,NL,mobile
290,Marcia,Brown,jessicamiller@yahoo.com,793-986-2044x851,2025-10-16,MC,mobile
291,Julie,Wilson,grayjustin@yahoo.com,001-656-933-4324,2024-07-01,BW,mobile
292,Jack,Barton,christopher34@gmail.com,801-282-7279x559,2024-09-29,ME,mobile
293,Sheila,Smith,qflowers@hotmail.com,+1-857-264-0381x664,2024-01-27,SG,branch
294,Stacie,Sanford,pdavis@gmail.com,+1-850-572-5178,2025-05-20,SV,web
295,Michael,Hines,icarlson@gmail.com,890.339.2355x5809,2026-02-13,GT,mobile
296,Amanda,Turner,autumncruz@yahoo.com,766.704.6419x7857,2023-11-07,EE,web
297,James,Leonard,danielsguy@yahoo.com,8755409150,2024-02-14,BS,mobile
298,Brianna,Snyder,copelandryan@gmail.com,794.949.8830,2024-04-16,PS,web
299,Michael,Lopez,omatthews@hotmail.com,+1-967-480-5555,2025-05-04,CH,web
300,Michael,Chambers,potterjustin@hotmail.com,568.526.9116,2023-11-05,TO,mobile
301,Christopher,Waters,cmitchell@gmail.com,(540)285-7216x9666,2026-01-03,GR,mobile
302,Kathy,Miller,pwood@gmail.com,001-935-524-1039x773,2024-02-16,PL,web
303,Sara,Wiggins,gonzalesmaria@gmail.com,(405)768-7611x2491,2025-02-17,KM,branch
304,David,Olson,brooke22@hotmail.com,6359954429,2025-03-31,GQ,mobile
305,Robert,Anderson,brendamason@hotmail.com,(572)587-2760x1534,2024-01-06,IT,mobile
306,Heather,Stevens,wallerbrian@hotmail.com,634.623.3720,2023-10-06,CH,branch
307,Sylvia,Escobar,perkinsmichelle@gmail.com,739.997.0469x472,2025-07-24,JM,branch
308,Joseph,Peterson,kyletorres@hotmail.com,849-439-2523,2024-01-18,VA,mobile
309,Kelli,Wells,schmittmichael@gmail.com,001-540-533-4450x56658,2026-01-01,SC,mobile
310,Brian,Sanchez,mwright@hotmail.com,3109548574,2023-12-12,AE,mobile
311,Patricia,Gutierrez,susan57@hotmail.com,(657)237-5534,2023-12-21,CL,mobile
312,Robert,Yates,mbishop@gmail.com,+1-264-877-2512x95786,2025-10-26,KE,web
313,Jean,Smith,chanamber@gmail.com,333-834-2643x35027,2023-06-26,PA,web
314,Jillian,Ross,flee@hotmail.com,648.317.0066x6155,2025-03-22,CF,web
315,Michael,Santos,melaniethompson@gmail.com,422.470.0934x59626,2025-07-31,CZ,mobile
316,Tammy,Buchanan,smithphyllis@gmail.com,217-676-8729,2025-05-26,PW,web
317,Matthew,Diaz,jack45@hotmail.com,+1-298-589-4256x52906,2024-02-24,AL,mobile
318,Sara,Young,qalvarado@yahoo.com,641.456.0821x37118,2024-11-08,KP,mobile
319,William,Miller,mcbridemichael@gmail.com,225.821.2932x89634,2024-08-20,MW,web
320,John,Taylor,phartman@yahoo.com,001-333-451-3426,2024-04-01,PA,mobile
321,Paige,Smith,nancyholt@yahoo.com,338-611-9953x7660,2024-07-19,ID,web
322,Russell,Bird,tochoa@hotmail.com,(277)798-0660x392,2023-10-18,JP,web
323,Nicholas,Atkinson,joy52@yahoo.com,859-583-5411x65972,2024-07-02,KN,web
324,Robert,Huang,randy61@hotmail.com,999-515-3703x8240,2026-05-01,GN,web
325,Jessica,Cain,rachel35@hotmail.com,925-738-9218,2023-10-27,UY,web
326,Michelle,Newman,reevestravis@hotmail.com,(863)474-8453,2025-09-02,KZ,branch
327,Wesley,Brown,ihorton@yahoo.com,645-826-4712,2024-03-24,GT,branch
328,Mark,DDS,anthony99@yahoo.com,(439)772-8351,2025-10-25,EE,branch
329,Shawn,Thompson,jmcfarland@yahoo.com,218.715.3523x736,2023-08-17,QA,branch
330,Ann,Pena,rosebobby@gmail.com,001-698-825-0800,2024-03-05,MH,branch
331,Melinda,Hamilton,glassadam@gmail.com,626-535-6022x93946,2026-02-25,LK,web
332,Adam,Colon,gary46@yahoo.com,249-941-1631x8732,2025-05-30,CD,mobile
333,Sandra,Lopez,steven06@yahoo.com,681-432-3570x7139,2023-12-26,SY,mobile
334,Michael,Ortiz,adamsmith@gmail.com,(891)930-9810x7964,2024-05-21,KZ,web
335,Gregory,Travis,omartinez@yahoo.com,(566)577-7675x5562,2024-04-19,LC,mobile
336,Tiffany,Daniel,cwhite@gmail.com,569.424.9269,2025-02-14,LB,mobile
337,Oscar,Farmer,juliarubio@yahoo.com,659-659-7752,2023-10-22,TJ,branch
338,Brittany,Perry,sarah99@gmail.com,4796551512,2026-04-04,MX,branch
339,Taylor,Horne,kflores@gmail.com,344.776.5047,2025-09-20,AU,branch
340,Tammy,Smith,trujillorobin@hotmail.com,5213312512,2023-09-12,AG,mobile
341,Glenda,Stout,hughescolleen@gmail.com,479.227.4907,2023-09-18,EE,branch
342,Sherry,Johnston,alyssapena@hotmail.com,321-701-7509x6170,2025-11-16,ML,web
343,Monica,Flores,joanncruz@gmail.com,862-965-0622x92310,2024-01-05,IR,mobile
344,Jonathan,Moore,thenry@hotmail.com,949-369-1928x45525,2023-06-14,PE,mobile
345,Daniel,Nguyen,william16@gmail.com,218-977-9417x63425,2024-06-04,GR,branch
346,Samantha,Olson,jose24@gmail.com,+1-361-657-2768x2975,2025-04-25,IS,web
347,Jody,Martin,mario90@hotmail.com,001-727-711-2218x2315,2023-09-21,NG,branch
348,Johnathan,Gardner,robinsonjesse@gmail.com,555.266.0847x06810,2024-04-06,GT,branch
349,Michael,Perkins,rachael61@hotmail.com,507.598.6321x061,2025-10-19,LK,mobile
350,Michael,Tanner,shoffman@hotmail.com,291-600-9004,2025-04-08,MU,mobile
351,Isabel,Brewer,spencertanner@hotmail.com,240-997-1231x660,2025-03-19,PT,branch
352,Adam,Merritt,georgestephen@yahoo.com,(455)888-2556,2024-12-16,PT,mobile
353,Charles,Chambers,melissaberry@gmail.com,001-661-461-8808x190,2024-05-04,LA,mobile
354,Gabriel,Copeland,katelynturner@gmail.com,+1-913-300-0413x2114,2025-03-03,MK,mobile
355,Kyle,Cooper,hendersonbrenda@yahoo.com,906.807.1748x1131,2024-10-23,GY,branch
356,Eric,Waters,kingdavid@hotmail.com,(374)420-4956,2023-09-14,FJ,mobile
357,Aaron,Parsons,cynthia16@yahoo.com,568-461-1145x768,2023-11-21,AR,branch
358,Chelsea,Gonzalez,juliemyers@yahoo.com,501.984.9804x25373,2025-05-29,QA,mobile
359,Jasmine,Schultz,uwilliams@yahoo.com,856.479.3279,2024-05-26,US,web
360,Benjamin,Greene,melissa78@yahoo.com,001-398-699-9275x17588,2026-01-19,IQ,mobile
361,Kristopher,Perez,davidsharp@yahoo.com,939.652.7536,2025-10-16,PK,branch
362,Larry,King,elarson@yahoo.com,412-321-5001x41884,2026-04-18,NO,mobile
363,Mary,Brown,ambersmith@gmail.com,001-594-971-1363,2025-12-19,DM,branch
364,Diana,Smith,hkim@yahoo.com,4783967935,2025-12-06,MC,branch
365,Jared,Robinson,xarmstrong@yahoo.com,467.461.6453x4547,2024-04-22,TV,mobile
366,Veronica,Diaz,garrett13@gmail.com,2925487623,2025-12-09,LC,branch
367,Ashley,Roth,brandonmoore@gmail.com,+1-259-347-3721x329,2024-12-24,CR,mobile
368,Kendra,Burns,meagan19@yahoo.com,(445)605-7303x6279,2025-01-22,HN,web
369,Crystal,Gonzales,smiller@yahoo.com,487.607.1553x48201,2023-08-19,AR,branch
370,Jacqueline,West,osimon@yahoo.com,(231)696-4630,2023-06-05,CR,branch
371,Cheryl,Lloyd,sandysnyder@gmail.com,459.657.4988x558,2025-11-25,HN,branch
372,Jessica,Nelson,angelarichard@gmail.com,321.588.5666x954,2024-01-25,VU,branch
373,Matthew,Hampton,matthewharper@hotmail.com,311-410-2867,2023-08-05,AD,web
374,Casey,Terrell,lrodriguez@yahoo.com,519.642.1794x28179,2023-07-06,MX,web
375,Michael,Patrick,campbellmarvin@yahoo.com,976.261.8943,2024-12-03,DJ,mobile
376,Austin,Johnson,vhutchinson@gmail.com,(238)297-4326,2026-01-23,ML,branch
377,Jake,Smith,vwilliams@gmail.com,001-517-967-9935,2024-07-02,KG,branch
378,Mary,Riley,kayla07@hotmail.com,+1-584-213-6852,2026-04-16,NP,web
379,Danielle,Castillo,camerontownsend@yahoo.com,975-618-8781,2023-09-24,MK,mobile
380,Jasmine,Lopez,petersonpaul@yahoo.com,763.723.9791x37876,2024-03-22,BB,web
381,April,Kelly,jsnyder@hotmail.com,419-605-3486x40104,2024-12-27,DE,web
382,Jason,Jones,barbaraaguilar@gmail.com,6446881898,2023-10-21,NA,mobile
383,Sherry,Davis,mccoyandre@gmail.com,001-522-283-6084x937,2025-03-15,GH,branch
384,Joseph,Cooper,sullivanjames@yahoo.com,(592)291-3203,2023-09-07,LA,branch
385,Daniel,Chung,scott32@gmail.com,(433)277-4604x067,2023-08-18,AE,web
386,Damon,Rodriguez,enelson@gmail.com,(303)676-3882,2024-12-14,SK,web
387,Dillon,Barrett,abradley@yahoo.com,(714)364-4936,2024-12-28,PW,web
388,Erika,Hodge,beckertheresa@yahoo.com,(833)335-1040,2024-07-26,BA,mobile
389,Brandon,Mclean,sandyramirez@yahoo.com,(457)582-0190x432,2023-07-27,ES,mobile
390,Christine,Anderson,patelgabrielle@yahoo.com,423-612-6163,2025-08-03,LC,web
391,Christopher,Osborn,castroralph@hotmail.com,001-320-582-8323x089,2025-09-01,TG,branch
392,Kimberly,Green,victoria50@gmail.com,3005015291,2025-06-02,BZ,branch
393,Joshua,Watson,travis12@gmail.com,001-248-290-5670x86700,2026-03-11,IL,mobile
394,Mallory,Davis,jblair@hotmail.com,+1-270-463-3699x8795,2023-11-29,BI,mobile
395,Amber,Martinez,rossjohn@hotmail.com,(669)442-8946,2023-06-19,HN,branch
396,Carlos,Bowen,sonia62@yahoo.com,(240)326-3558x243,2025-05-16,MT,mobile
397,Douglas,Roberts,jamesrobinson@yahoo.com,949.351.6321x11978,2025-09-09,BE,branch
398,Anna,Shelton,smithjack@gmail.com,2915561829,2026-04-21,MT,web
399,Michael,Baker,peterlynch@yahoo.com,3146911894,2024-05-02,HT,mobile
400,Grant,Johnson,david86@hotmail.com,(405)837-6660x811,2023-06-14,BB,web
401,Amy,Dyer,lhicks@yahoo.com,677-668-2938,2023-07-19,CI,mobile
402,Kristen,Leon,victoria91@yahoo.com,001-820-874-9269,2026-03-03,KE,mobile
403,Joseph,Thomas,jpowell@gmail.com,+1-508-672-6176x072,2025-10-06,RS,web
404,Connie,Santiago,wgarza@hotmail.com,(864)318-6965,2024-04-18,AL,web
405,Brett,Rivas,smithmelissa@yahoo.com,(261)201-6831x1395,2023-08-28,MT,mobile
406,Diana,Carter,joseph77@yahoo.com,362-907-2662x9250,2026-01-13,PY,web
407,William,Cunningham,harriswendy@gmail.com,519-720-6136,2023-12-09,PT,branch
408,William,Bennett,evelyncollier@yahoo.com,+1-212-477-8221,2026-02-03,BW,branch
409,Kevin,Wilcox,rmueller@hotmail.com,763.883.1828,2023-07-02,LU,web
410,Joanna,Rodgers,hopkinsgeorge@gmail.com,(852)416-5058x714,2023-09-08,SK,branch
411,Laura,Murphy,rosaleslauren@hotmail.com,001-338-369-4842x4959,2024-07-31,LY,branch
412,Jordan,Rivers,ndeleon@gmail.com,+1-977-498-7682x9968,2023-12-05,LB,branch
413,Nicole,Gibbs,jacksonrachel@gmail.com,001-755-644-2867x9632,2024-03-01,DZ,mobile
414,Brandi,Patel,kjackson@gmail.com,001-333-858-9513,2024-12-11,MM,branch
415,Katherine,Baker,brandi40@gmail.com,(336)541-5471x553,2024-02-11,MM,branch
416,Karen,Singleton,mhoffman@hotmail.com,(770)845-2388,2024-01-25,CU,web
417,Thomas,Parsons,gregory24@hotmail.com,665-702-0002,2026-02-03,GT,branch
418,Cynthia,Day,ncruz@hotmail.com,(273)467-7462,2024-12-07,SG,mobile
419,Donna,Herring,mcclureapril@yahoo.com,923.487.5082x7681,2024-02-22,MG,mobile
420,David,Mcpherson,jenniferhorne@hotmail.com,(417)233-7399,2024-10-05,EG,web
421,Tina,Browning,bowmanjoel@hotmail.com,625.653.9835,2025-02-25,CM,mobile
422,Joel,Manning,ashleyalexander@gmail.com,539-478-7137x52988,2024-01-04,AT,mobile
423,Helen,Daniel,harrisjoshua@yahoo.com,(219)495-1715x2391,2026-02-09,TR,branch
424,Monica,Matthews,schultzjessica@gmail.com,(317)367-2019,2023-11-09,MU,branch
425,Thomas,Williams,hernandezkristen@gmail.com,740-486-8250,2024-01-06,UG,mobile
426,Alan,Morrow,xcolon@gmail.com,612.443.6585x856,2024-04-11,AR,web
427,Stephen,Osborne,gutierrezdavid@yahoo.com,+1-215-754-2034x0301,2025-02-05,SB,web
428,Steven,Parker,williamsanthony@hotmail.com,(283)317-6417x26808,2026-03-24,MM,branch
429,Kevin,Oneill,tara47@yahoo.com,(921)830-0962x5885,2026-05-14,NP,mobile
430,Daniel,Hoffman,collinsmark@hotmail.com,001-511-307-9771x40049,2025-10-08,TW,branch
431,Ethan,Contreras,ajennings@yahoo.com,+1-641-266-1237,2025-06-09,QA,web
432,Ronald,Gill,danieljenkins@gmail.com,+1-904-418-1359x98989,2023-11-07,BS,mobile
433,Dr.,Garrett,ashleyalexander@hotmail.com,908.320.0480x675,2024-02-21,ET,branch
434,Elijah,Powell,brodriguez@gmail.com,+1-832-774-8835,2023-10-31,PK,branch
435,Mark,Dyer,tinakelly@gmail.com,+1-564-288-2089x3486,2025-03-25,CU,web
436,Christian,Archer,hallthomas@yahoo.com,623-604-5881x65025,2025-06-25,CY,branch
437,Brent,Stewart,christopher46@hotmail.com,835-592-6648,2026-05-07,TT,web
438,Joshua,Collins,pvang@hotmail.com,001-805-511-7160x398,2025-03-02,KW,web
439,Michelle,Martinez,rfleming@hotmail.com,+1-766-876-0564x204,2024-12-03,RW,mobile
440,Steven,Duncan,jackie01@yahoo.com,499-953-0062x21224,2025-03-13,QA,mobile
441,Chad,Stewart,ifrey@gmail.com,(899)657-0472,2024-01-27,DZ,branch
442,Nicholas,Calhoun,david83@hotmail.com,454-500-6445x475,2023-09-14,CG,web
443,Brittany,Marquez,ecohen@yahoo.com,001-208-801-9630x453,2025-12-18,GT,web
444,Jonathan,Thomas,vanessa44@yahoo.com,(544)960-8385x179,2026-05-16,TG,mobile
445,Melissa,Campos,timothy27@gmail.com,624.463.0198x642,2024-03-29,TH,mobile
446,Carla,Young,smithheather@yahoo.com,(661)500-8987x61081,2024-12-16,MV,web
447,Sylvia,Young,jessicavang@yahoo.com,001-862-805-4596x71500,2026-03-21,MW,mobile
448,Benjamin,Stein,nwilliams@gmail.com,001-883-466-8348x26899,2025-01-10,UZ,branch
449,Joseph,Fernandez,davidharding@gmail.com,001-257-789-8260x418,2023-12-20,BN,web
450,Jordan,Mata,bcase@yahoo.com,(229)675-8917,2024-12-07,IQ,mobile
451,Kristen,Becker,dhill@yahoo.com,724.672.8289,2023-05-25,BG,branch
452,Marissa,Gaines,theresa92@yahoo.com,915-226-1053,2025-10-18,CR,web
453,Julia,Pacheco,michellejenkins@gmail.com,347-516-1982x734,2023-09-04,AZ,branch
454,Christian,Hampton,lwest@hotmail.com,001-644-888-3842x536,2023-12-18,SR,branch
455,Amy,Velasquez,tfuller@hotmail.com,+1-791-631-1178x61902,2026-05-15,PA,web
456,Michael,Jackson,monica00@gmail.com,001-201-951-5325x94795,2024-07-29,BD,branch
457,Jeremy,Lee,williamstoni@yahoo.com,+1-534-803-9104x520,2023-07-27,SD,mobile
458,Joshua,Sims,russelltommy@hotmail.com,+1-206-596-8018x6774,2025-05-31,SC,mobile
459,Calvin,Preston,snydertricia@yahoo.com,(262)441-7842,2026-03-10,TO,mobile
460,Connie,Rivera,davisphilip@gmail.com,(990)745-7598,2025-10-12,ER,branch
461,Nancy,Wise,stephengomez@gmail.com,577-209-2071x152,2024-02-23,ET,mobile
462,Christopher,Holland,martin81@hotmail.com,597-372-1688x00537,2025-09-14,MT,branch
463,Lauren,Nolan,briandavis@yahoo.com,432-281-1659x930,2023-12-02,AZ,mobile
464,Destiny,MD,mking@gmail.com,3595377756,2023-12-09,BN,web
465,Wanda,Davis,ashleysolis@gmail.com,(570)880-5685x66706,2024-01-10,BS,branch
466,Antonio,Perkins,deborah62@yahoo.com,(626)526-1142,2025-02-14,TL,branch
467,Nancy,Everett,barrettashley@yahoo.com,738.253.2472,2024-12-04,SN,mobile
468,Debbie,Harris,jennifer53@yahoo.com,(459)374-6698x61634,2024-02-17,LV,web
469,Joseph,Odonnell,kimberly91@yahoo.com,(714)604-8933x2614,2024-04-13,VC,mobile
470,Jennifer,Barrett,jessica71@hotmail.com,923-554-2687x44701,2026-02-09,DK,mobile
471,Jennifer,Peterson,debra00@gmail.com,622.514.2573x1609,2025-10-25,MD,web
472,Claudia,Sanders,wbowers@gmail.com,(495)233-2227x393,2024-08-06,MM,web
473,Ronald,Harrington,mariagonzalez@gmail.com,4713261583,2025-06-21,TL,mobile
474,Philip,Ferguson,jenniferortega@hotmail.com,(525)760-6295,2026-03-02,BE,web
475,Steven,Tyler,kelsey85@gmail.com,+1-813-362-6084x63975,2024-09-16,ES,mobile
476,Andrew,Flores,wpayne@gmail.com,402.304.2620x1971,2024-01-05,KP,branch
477,Laura,Walton,stevensmatthew@hotmail.com,+1-697-586-5339,2023-11-13,UY,mobile
478,Janet,Parker,timothy00@gmail.com,+1-676-944-8676,2025-11-24,PG,branch
479,Brandon,Velasquez,kproctor@yahoo.com,(877)511-9529,2024-09-27,GA,mobile
480,Linda,Ball,vwright@yahoo.com,001-534-641-4916x9993,2024-07-19,TT,web
481,Kenneth,Nelson,cory21@gmail.com,001-772-602-1707,2025-07-31,MG,branch
482,Michelle,Gutierrez,thomasjo@yahoo.com,(813)575-6589,2024-10-12,TV,web
483,Ryan,Maynard,randy31@gmail.com,+1-485-403-4236,2023-07-09,HU,branch
484,Eileen,Baker,hernandezlinda@gmail.com,+1-577-741-7430x43502,2023-07-29,DK,branch
485,Lisa,Ramirez,nataliehall@gmail.com,467-971-1675x076,2025-12-20,VA,mobile
486,Ethan,Roach,stephen90@gmail.com,001-922-324-0507x648,2025-05-26,BA,mobile
487,David,Rodriguez,paul84@hotmail.com,223.373.3791x21211,2025-08-19,PK,mobile
488,Hannah,Barker,carlymoss@gmail.com,922-427-6433,2024-01-27,AO,mobile
489,Chase,Rodriguez,steven20@yahoo.com,+1-868-551-9537x74926,2024-01-21,US,web
490,Derrick,Chavez,daryl56@gmail.com,(995)459-6363,2026-02-14,NE,mobile
491,Miranda,Beck,fuenteschristopher@gmail.com,(815)848-1582,2025-08-27,SB,mobile
492,Adam,Gallagher,slittle@yahoo.com,419-362-3421x9262,2024-03-13,EG,branch
493,Amy,Mitchell,brownnancy@yahoo.com,7205005328,2025-09-09,MY,web
494,April,Welch,brownraymond@hotmail.com,(876)533-2838,2024-04-15,RO,web
495,Bradley,Rogers,dudleyjames@hotmail.com,(733)492-1883,2025-05-03,LK,branch
496,Erika,Pace,stuartwallace@yahoo.com,981.459.6983x845,2026-04-01,AM,branch
497,Jamie,Dominguez,olivia99@gmail.com,872-996-6941x799,2023-06-20,TJ,mobile
498,Linda,Parker,osbornkelly@hotmail.com,2447509286,2024-02-07,CL,web
499,Brenda,Ellis,nancyballard@yahoo.com,288-439-9741x8563,2025-04-11,MN,mobile
500,Christy,Frazier,bsloan@hotmail.com,672.660.0136x51034,2024-06-12,CO,branch
